,bot_in
0,In what country is Normandy located?
1,When were the Normans in Normandy?
2,From which countries did the Norse originate?
3,Who was the Norse leader?
4,What century did the Normans first gain their separate identity?
5,Who gave their name to Normandy in the 1000's and 1100's
6,What is France a region of?
7,Who did King Charles III swear fealty to?
8,When did the Frankish identity emerge?
9,Who was the duke in the battle of Hastings?
10,Who ruled the duchy of Normandy
11,What religion were the Normans
12,What type of major impact did the Norman dynasty have on modern Europe?
13,Who was famed for their Christian spirit?
14,Who assimilted the Roman language?
15,Who ruled the country of Normandy?
16,What principality did William the conquerer found?
17,What is the original meaning of the word Norman?
18,When was the Latin version of the word Norman first recorded?
19,What name comes from the English words Normans/Normanz?
20,When was the French version of the word Norman first recorded?
21,When was the Duchy of Normandy founded?
22,Who did Rollo sign the treaty of Saint-Clair-sur-Epte with?
23,What river originally bounded the Duchy
24,when did Nors encampments ivolve into destructive incursions?
25,What treaty was established in the 9th century?
26,Who established a treaty with King Charles the third of France?
27,What did the French promises to protect Rollo and his men from?
28,Who upon arriving gave the original viking settlers a common identity?
29,When did Rollo begin to arrive in Normandy?
30,What Viking groups were conquered by Rollo?
31,What was the Norman religion?
32,What part of France were the Normans located?
33,What was replace with the Norse religion?
34,What did maternal Old Norse traditions merge with?
35,What language replaced the Gallo-Romance language?
36,What was one of the Norman's major exports?
37,Who adopted the fuedel doctrines of the Normans?
38,What was one of the Norman's major imports?
39,Who's arristocracy eventually served as avid Crusaders?
40,"Who was the Normans' main enemy in Italy, the Byzantine Empire and Armenia?"
41,Who entered Italy soon after the Byzantine Empire?
42,Who did the Normans fight in Italy?
43,Who did the Normans encourage to come to the south?
44,During what campaign did the Vargian and Lombard fight?
45,When did Herve serve as a Byzantine general?
46,When did Robert Crispin go up against the Turks?
47,Who ruined Roussel de Bailleul's plans for an independent state?
48,Who was the first Byzantine mercenary to serve with the Normans?
49,When did Herve serve as a Norman general?
50,Who ruined Alexius Komnenos plans for an independent state?
51,When did Herve go up against the Turks?
52,What was the name of the Norman castle?
53,Who was the leader when the Franks entered the Euphrates valley?
54,Who did the Normans team up with in Anatolia?
55,Who joined Norman forces in the destruction of the Armenians?
56,Who did the Turks take up service with?
57,What Frank led Norman forces?
58,Where did Oursel lead the Franks?
59,What were the origins of the Raouliii family?
60,Where were several Norman mercenary familes originate from?
61,Who did the Normans serve under in the 10th century?
62,What expedition did George Maniaces lead in the 10th century?
63,What was the name of the count of Apulia 
64,When did Dyrrachium  fall to the Normans?
65,How many men were in Robert's army?
66,Who ultimatly drove the Byzantines out of Europe?
67,What pope opposed Roberts campaign?
68,What fell to the Normans in the 10th century?
69,How many men did Roberts army face?
70,Where did the Normans and Byzantines sign the peace treaty?
71,Who was Robert's son?
72,What river was Petrela located by?
73,Who did the Normans besiege in the 11th century?
74,Who did Robert lead agains Dyrrachium in 1107?
75,Who was Bohemond's son?
76,When did the Normans attack Dyrrachium?
77,What was the naval base called?
78,Where was Dyrrachium located?
79,Who attacked Dyrrachium in the 11th century?
80,Who betrayed the Normans?
81,What naval base fell to the Normans?
82,Who did Emma Marry?
83,Who was Emma's brother?
84,To where did Ethelred flee?
85,Who kicked Ethelred out?
86,Who married Cnut the Great?
87,When did Richard II flee to Normandy?
88,Who's major ports were controlled by the English?
89,Who was Edward the Confessor's half-brother?
90,When did Edward return?
91,Who did Edward make archbishop of Canterbury?
92,When did Edward the Confessor's son return from his fathers refuge?
93,What kind of force did Harthacnut establish?
94,Who made Robert of Jumieges earl of Hereford?
95,Where did Harold II die?
96,Who killed Harold II? 
97,When was the Battle of Hastings?
98,Who was the ruling class ahead of the Normans?
99,When did King Harold II conquer England?
100,What battle took place in the 10th century?
101,Who replaced the Normans as the ruling class?
102,Who considered their land on the continent their most important holding?
103,What was the Anglo-Norman language's final form?
104,Who identified themselves as French during the Hundred Years War?
105,What was absorbed into the Anglo-Norman language?
106,Who made fun of the Latin language?
107,In what year did the Norman's invade at Bannow Bay?
108,What country did the Normans invade in 1169?
109,What culture did the Normans combine with in Ireland?
110,Where did the Normans invade in the 11th century?
111,Who did the Irish culture have a profound effect on?
112,What castles were built by the Irish?
113,Who was Margaret's brother?
114,Who was Margaret's husband?
115,When was Scotland invaded by William?
116,Who was the hostage?
117,Who did Edgar marry?
118,Who invaded Scotland in the 10th century?
119,Who did the Scotish king take hostage?
120,Who did Alexander I marry?
121,"What culture's arrival in Scotland is know as the ""Davidian Revolution""?"
122,Who did King David I of Scotland Marry?
123,What did Sybilla of Normandy introduce to Scotland?
124,Where was Ralph earl of?
125,Who was Ralph in charge of being at war with?
126,Who made Ralph earl?
127,Who came into contact with Wales after the conquest of England?
128,Who made Edward the Confessor Earl?
129,What country was under the control of Norman barons?
130,What came under Williams dominace before the conquest?
131,What Welsh lords did William conquer?
132,What year did Roger de Tosny fail to accomplish what he set out to do?
133,Who was in charge of the papal army in the War of Barbastro?
134,Where did the Normans carve out a principality before the First Crusade?
135,What did the Normans take part in in the 10th century?
136,Who carved out a state for himself from Moorish lands?
137,What war occured in the 1oth century?
138,When did the Siege of Antioch take place?
139,What was the name of Bohemond's nephew?
140,What major conquest did Tancred play a roll in?
141,When did Tancred lay siege to Antioch?
142,What was the name of Tancred's nephew?
143,How long did Western Europe control Cyprus?
144,Who defeated Anglo-Norman forces during the third Crusade?
145,Who dominated Western Europe for 380 years?
146,What ruined Richard's plans to reach Acre?
147,Who was Richard's fiancee?
148,What year did the storm hit Richard's fleet?
149,Who ruled Cyprus in 1191?
150,Who left Messina in the 11th century?
151,What year did Richards fleet avoid a storm?
152,Who ruled Cyprus in the 11th century?
153,Who was Guy's Rival?
154,What were Isaac's chains made out of?
155,Who led Richard's troops when Cyprus was conquered?
156,Who's chains were made out of copper?
157,Who led Issacs troops to Cyprus?
158,Who offered Issac his daughter?
159,What continent are the Canarian Islands off the coast of?
160,Who conquered the Canary Island in the 14th century?
161,What Islands are of the coast of Asia?
162,Who became the King of the Canary Islands?
163,Who bought the rights?
164,Who sold the rights?
165,What title did Henry II take in the Canary Island?
166,Who sold the rights to the island in the 14th century?
167,Where are Jersey and Guernsey
168,How many customaries does Norman customary law have?
169,What Norman law wasdeveloped between 1000 and 1300?
170,What law has 3 customeries?
171,What was authored in the 12th century?
172,What is the Norman architecture idiom?
173,What kind of arches does Norman architecture have?
174,What type of arch did the Normans invent?
175,What architecture type came after Norman in England?
176,What architecture type came before Norman in England?
177,What place had the Norman Arab architectural style?
178,What precedes the period of Anglo-Saxon architecture?
179,What architecture type came after Early Gothic?
180,"Who incorperated Islamic, LOmbard, and Byzantine building techniques in England?"
181,When did the church reform begin?
182,Who used the church to unify themselves?
183,What kind of art did the Normans have a rich tradition of?
184,Who began a program of church reform in the 1100s
185,Who was divided by the church?
186,Who experienced aa golden age in the 1100s and 1200s
187,When were the French wars of religion?
188,What wars did France fight in the 1600s?
189,What revolution was fought in the 1899's?
190,What kind of needlework was used in the creation of the Bayeux Tapestry?
191,What is Norman art's most well known piece?
192,Who commissioned the Tapestry?
193,What is the oldest work of Norman art?
194,Who commissioned Danish vikings to create the Bayeux Tapestry?
195,What is the most important type of Norman art preserved in churches?
196,How has British art survived in Normandy?
197,What is the most common form of Norman art in churches?
198,What was a centre of ivorywork in the 1100s?
199,In what century did important classical music developments occur in Normandy?
200,Who were the two abbots at Fécamp Abbey?
201,What developed in Normandy during the 1100s?
202,What was Fecamp Abby the center of?
203,Where did the monks flee to?
204,What monastery did the Saint-Evroul monks establish in Italy?
205,Who patronized the monks in Italy? 
206,What tradition were the Saint-Evroul monks known for?
207,Who fled from southern Italy?
208,What branch of theoretical computer science deals with broadly classifying computational problems by difficulty and class of relationship?
209,By what main attribute are computational problems classified utilizing computational complexity theory? 
210,What is the term for a task that generally lends itself to being solved by a computer?
211,What is computational complexity principle?
212,What branch of theoretical computer class deals with broadly classifying computational problems by difficulty and class of relationship?
213,What is understood to be a task that is in principle not amendable to being solved by a computer?
214, What cannot be solved by mechanical application of mathematical steps?
215,What is a manual application of mathematical steps?
216,What measure of a computational problem broadly defines the inherent difficulty of the solution?
217,What method is used to intuitively assess or quantify the amount of resources required to solve a computational problem?
218,What are two basic primary resources used to guage complexity?
219,What unit is measured to determine circuit complexity?
220,What practical role does defining the complexity of problems play in everyday computing?
221,What measure of computational problem broadly defines the inherent simplicity of the solution?
222,What method is not used to intuitively assess or quantify the amount of resources required to solve a computational problem??
223,What are three basic primary resources used to gauge complexity?
224,What unit is measured to determine circuit simplicity?
225,What number is used in perpendicular computing?
226,What two fields of theoretical computer science closely mirror computational complexity theory?
227,What field of computer science analyzes the resource requirements of a specific algorithm isolated unto itself within a given problem?
228,What field of computer science analyzes all possible algorithms in aggregate to determine the resource requirements needed to solve to a given problem?  
229,What field of computer science is primarily concerned with determining the likelihood of whether or not a problem can ultimately be solved using algorithms?
230,What are two fields of theoretical computer science that closely mirror computational simplicity theory?
231,What is not the key distinction between analysis of algorithms and computational complexity theory?
232,What is the process of analyzing the amount of resources needed by a particular algorithm to solve a hypothesis?
233,What is the process that asks a more specific question about all possible algorithms that could not be used to solve the same problem?
234,What process classifies problems that can and cannot be solved with approximately unlimited resources?
235,What is the name given to the input string of a computational problem?
236,"In computational complexity theory, what is the term given to describe the baseline abstract question needing to be solved? "
237,Is a problem instance typically characterized as abstract or concrete?
238,What is another name for any given measure of input associated with a problem?
239,What is the general term used to describe the output to any given input in a problem instance?
240,What can be viewed as a limited collection of instances together with a solution for every instance?
241,What is the name given to the input string of a computational solution?
242,What term refers to the concrete question to be solved?
243,What is the output corresponding to the given question?
244,What is a particular measure input associated with the a theory?
245,By how many kilometers does the traveling salesman problem seek to classify a route between the 15 largest cities in Germany?
246,What is one example of an instance that the quantitative answer to the traveling salesman problem fails to answer?
247,What does computational complexity theory most specifically seek to answer? 
248,How many miles does the traveling salesman problem seek to classify a route between the 15 smallest cities in Germany?
249,What is the qualitative answer to this particular problem instance?
250,What is one example of an instance that the qualitative answer to the traveling salesman fails to answer?
251,What does computational simplicity theory most specifically seek to answer?
252,"In a computational problem, what can be described as a string over an alphabet?"
253,What is the name of the alphabet is most commonly used in a problem instance?
254,What is another term for the string of a problem instance?
255,"In the encoding of mathematical objects, what is the way in which integers are commonly expressed?"
256,What is one way in which graphs can be encoded? 
257,What is a string over a Greek number when considering a computational problem?
258,What is the name of the alphabet that is rarely used in a problem instance?
259,What is another term for the the string of a problem question?
260,What is represented by non-binary notation in the encoding of mathematical objects?
261,How can graphs be encoded indirectly?
262,What kind of problems are one of the main topics studied in computational complexity theory?
263,What are the two simple word responses to a decision problem?
264,What are the two integer responses to a decision problem?
265,What will the output be for a member of the language of a decision problem?
266,What answer denotes that an algorithm has accepted an input string?
267,What kind of solutions are one of the central objects of study in computational complexity theory?
268,What is a typical type of computational problem whose answer is either yer or no?
269,What can be viewed as an informal language where the language instances whose input is yes?
270,What are the three integer responses to a decision problem?
271,What answer denotes that a solution has accepted an input string?
272,What kind of graph is an example of an input used in a decision problem?
273,What is the term for the set of all connected graphs related to this decision problem?
274,What encoding decision needs to be made in order to determine an exact definition of the formal language?
275,What type of graph is an example of an output used in a decision problem?
276,What is the term for the set of all unconnected graphs related to this decision problem?
277,What encoding decision needs to be made in order to determine an inaccurate definition of the formal language? 
278,How does one obtain an indefinite definition of this language?
279,A function problem is an example of what?
280,How many outputs are expected for each input in a function problem?
281,The traveling salesman problem is an example of what type of problem?
282,"In addition to the traveling salesman problem, what is another example of a function problem?"
283,Is the output of a functional problem typically characterized by a simple or complex answer?
284,What is a computational solution where a single input is expected for every input?
285,What is expected where a computational problems offers multiple outputs are expected for every input?
286,What is a function solution an example of?
287,What are other irrelevant examples of a function problem>
288,Is the output of a functional solution typically characterized by a simple or complex answer?
289,How can function problems typically be restated?
290,"If two integers are multiplied and output a value, what is this expression set called?"
291,What can not be restated as decision problems?
292,What is the expression set called where three integers are multiplied?
293,What corresponds to solving the problem of multiplying three numbers/
294,What is a commonly used measurement used to determine the complexity of a computational problem?
295,What is one variable on which the running time may be contingent?
296,How is the time needed to obtain the solution to a problem calculated?
297,In what unit is the size of the input measured?
298,Complexity theory seeks to define the relationship between the scale of algorithms with respect to what other variable?
299,How does one measure the simplicity of a computational problem?
300,What is one variable which the running of time be not be contingent?
301,How is the time needed to obtain the question to a problem calculated?
302,What is  interested in how algorithms scale with a decrease in the input size?
303,How is time not required to solve a problem calculated?
304,Whose thesis states that the solution to a problem is solvable with reasonable resources assuming it allows for a polynomial time algorithm?
305,"If input size is is equal to n, what can respectively be assumed is the function of n?"
306,What term corresponds to the maximum measurement of time across all functions of n? 
307,How is worst-case time complexity written as an expression?
308,"Assuming that T represents a polynomial in T(n), what is the term given to the corresponding algorithm?"
309,How is time taken expressed as a function of x?
310,Whose hypothesis states the the solution to a problem is solvable with reasonable resources assuming it allows for monoinomial time algorithm?
311,What term corresponds to the minimum measurement of the time across all functions of n?
312,How is best-case time complexity written as an expression?
313,What is the term given to the corresponding algorithm assuming that T represents a mononominal in T(n)?
314,What is the term for a mathematical model that theoretically represents a general computing machine?
315,It is generally assumed that a Turing machine can solve anything capable of also being solved using what?
316,What is the most commonplace model utilized in complexity theory?
317,What does a Turing machine handle on a strip of tape?
318,What a scientific model of a general computing machine?
319,What is a scientific device that manipulates symbols contained on a strip of tape?
320,What are intended as a practical computing technology?
321,What is a scientific experiment that can solve a problem by algorithms?
322,What is generally considered to be the most basic iteration of a Turing machine?
323,What fixed set of factors determine the actions of a deterministic Turing machine
324,What is the term used to identify a deterministic Turing machine that has additional random bits?
325,What type of Turing machine is capable of multiple actions and extends into a variety of computational paths?
326,What is the term given to algorithms that utilize random bits?
327,What uses a flexible set of rules to determine its future actions?
328,What is a deterministic Turing machine with an extra supply of random ribbons?
329,What does not often help algorithms solve problems more efficiently?
330,Which machine allows the machine to have multiple possible past actions from a given state?
331,How is one way that one should not view non-determinism?
332,Turing machines are commonly employed to define what? 
333,What are two factors that directly effect how powerful a Turing machine may or may not be?
334,"In the determination of complexity classes, what are two examples of types of Turing machines?"
335,What are many types of Turing machines not used for?
336,What are three factors that directly effect how powerful a Turing machine may or may not be?
337,What machines are not equally powerful in principle?
338,What may not be more powerful than others when the resources of time or space of considered?
339,What is an example of a machine model that deviates from a generally accepted multi-tape Turing machine?
340,"In considering Turing machines and alternate variables, what measurement left unaffected by conversion between machine models? "
341,What two resources commonly consumed by alternate models are typically known to vary?
342,"What commonality do alternate machine models, such as random access machines, share with Turing machines?"
343,What is not an example of a machine model that deviates from a generally accepted multi-tape Turing machine?
344,What measurement is affected by conversion between machine models?
345,What two resources are uncommonly consumed by alternate models and are typically known to vary?
346,What do all these models not have in common?
347,What type of Turing machine can be characterized by checking multiple possibilities at the same time?
348,What often affects or facilitates ease of analysis in computational problems?
349,A non-deterministic Turing machine has the ability to capture what facet of useful analysis?
350,What is the most critical resource in the analysis of computational problems associated with non-deterministic Turing machines?
351,What is harder to analyze in terms of more unusual resources?
352,What type of machine is a computational model that is not allowed to branch out to check many different possibilities at once?
353,What has a lot to do with how we physically want to compute algorithms?
354,What machine's branching does not exactly capture many of the mathematical models we want to analyze?
355,What is the least critical resource in the analysis of computational problems associated with non-deterministic Turing machines?
356,The time required to output an answer on a deterministic Turing machine is expressed as what?
357,Complexity theory classifies problems based on what primary attribute?
358,What is the expression used to identify any given series of problems capable of being solved within time on a deterministic Turing machine?
359,What is the most critical resource measured to in assessing the determination of a Turing machine's ability to solve any given set of problems?
360,What is not used for a precise definition of what it means to solve a problem using a given amount of time and space?
361,How is Turing machine M said not to operate?
362,What is the expression used to identify any given series of solutions capable of being solved within time on a deterministic Turing machine?
363,What is the least critical resource measured in assessing the determination of a Turing machine's ability to solve any given set of problems?
364,How can decision problem B be solved in time x(f)?
365,Time and space are both examples of what type of resource?
366,A complexity resource can also be described as what other type of resource?
367,What is typically used to broadly define complexity measures?
368,Communication complexity is an example of what type of measure?
369,Decision tree is an example of what type of measure?
370,What can not be made for space requirements?
371,What are the least well known complexity resources?
372,How are complexity measures generally not defined?
373,What are other complexity measures not used in complexity theory?
374,What type of measure is communication complexity not an example of?
375,What are the three primary expressions used to represent case complexity?
376,Case complexity likelihoods provide variable probabilities of what general measure? 
377,What is one common example of a critical complexity measure?
378,Case complexities provide three likelihoods of what differing variable that remains the same size? 
379,What are the three secondary expressions used to represent case complexity? 
380,What three different ways are used to measure space complexity?
381,What is one not common example of a critical complexity measure?
382,What differing variable remains the same size when providing the four likelihoods of case complexities?
383,What provides a solution to a list of integers provided as input that ned to be sorted?
384,"When extensive time is required to sort integers, this represents what case complexity?"
385,What is the expression used to denote a worst case complexity as expressed by time taken?
386,What does not solve the problem of sorting a list of integers that is given as the input?
387,What does the deterministic parting algorithm quicksort do?
388,What case complexity is represented when limited time is required to sort integers?
389,What is the expression not used to denote worst case complexity as expressed by time taken?
390,"What case complexity is represented when each pivoting divides the list in thirds, also needing O(n log n) time?"
391,Classification of resources is contingent on determining the upper and lower bounds of minimum time required by what?  
392,The analysis of a specific algorithm is typically assigned to what field of computational science?
393,Which bound of time is more difficult to establish?
394,A specific algorithm demonstrating T(n) represents what measure of time complexity?
395,What is the colloquial phrase used to convey the continuum of algorithms with unlimited availability irrespective of time? 
396,How does one note classify the computation time (or similar resources)?
397,"What is usually taken as the best case complexity, unless specified otherwise?"
398,What does not fall under the field of analysis of algorithms>
399,When does one not need to show only that there is a particular algorithm running time at mons T(nO?
400,What is easy about proving lower bounds?
401,What expression is generally used to convey upper or lower bounds?
402,What does a big O notation hide?
403,How would one write T(n) = 7n2 + 15n + 40 in big O notation? 
404,Big O notation provides autonomy to upper and lower bounds with relationship to what? 
405,What is usually not stated using the big O notation?
406,What does not hide constant factors or smaller terms?
407,What makes the bounds dependent of the specific details of the computational model?
408,How would one abbreviate T(n)=8n2 + 16n = 40 in big O notatation?
409,What has complicated definitions that prevent classification into a framework?
410,Complexity classes are generally classified into what?
411,Difficulty in establishing a framework for complexity classes can be caused by what variable?
412,What fits the framework of complexity classes?
413,What has uncomplicated definitions that prevent classification into a framework?
414,What are complexity classes generally not classified into?
415,What variable is easy to establish in a framework for complexity classes?
416,Concrete bounding of computation time frequently produces complexity classes contingent upon what?
417,A multi-tape Turing machine requires what type of time for a solution?
418,A language solved in quadratic time implies the use of what type of Turing machine?
419,What thesis specifies that a polynomial relationship exists within time complexities in a computational model? 
420,Decision problems capable of being solved by a deterministic Turing machine while maintaining adherence to polynomial time belong to what class?
421,What does not often yield complexity classes that depend on the chosen machine model?
422,What does not frequently produce complexity classes that have concrete bounding of computation time?
423,What can not be solved in linear time on multi-tape Turing machine?
424,What is not a binary string?
425,What thesis specifies that a trinomial relationship exists within time complexities in a computational model?
426,What are two examples of measurements are bound within algorithms to establish complexity classes?
427,What function is used by algorithms to define measurements like time or space?
428,Bounding of time and space or similar measurements is often used by algorithms to define what?
429,What cannot be defined by bounding the time or space used the the algorithm?
430,What are three examples of measurement that are bound within algorithms to establish complexity classes?
431,What function is used by algorithms to define measurements like time and numbers?
432,What is often used by algorithms to measure bounding of space and atmosphere measurements?
433,What are three examples of complexity classes associated with definitions established by probabilistic Turing machines?
434,AC and NC are complexity classes typically associated with what type of circuit?
435,BQP and QMA are examples of complexity classes most commonly associated with what type of Turing machine?
436,What is the expression used to represent a complexity class of counting problems?
437,IP and AM are most commonly defined by what type of proof system?
438,What are the other four important complexity classes?
439,"What machine does not define BPP, ZPP, and RP?"
440,What machine does not define BQP or QMA?
441,What is least important complexity class of counting problems?
442,What system not often define classes like IP and AM/
443,What is an example of a measurement within a complexity class that would create a bigger set of problems if the bounds were relaxed?
444,In what expression can one expect to find DTIME(n)
445,What theorems are responsible for determining questions of time and space requirements?
446,Resources are constrained by hierarchy theorems to produce what?
447,What kind of statement is made in the effort of establishing the time and space requirements needed to enhance the ultimate number of problems solved?
448,What is not an example of a measurement within a complexity class that would create a bigger set of problems if the bounds were relaxed?
449,What does not define a bigger set of problems?
450,What expression does not usually contain DTIME(n)?
451,What does not induce a proper hierarchy on the classes defined by constraining the respective resources?
452,What kind of statement is not made in an effort of establishing the time and space requirements needed to enhance the ultimate number of problems solved?
453,What is the foundation for separation results within complexity classes?
454,What is responsible for constraining P according to the time hierarchy theorem?
455,Within what variable is L constrained according to the space hierarchy theorem?
456,What does not form the basis for most separation results of complexity classes?
457,What does the past time and space hierarchy theorems form the basis of?
458,What is not strictly contained in EXPTIME?
459,What is not strictly contained in PSPACE?
460,What concept is frequently used to define complexity classes?
461,Reduction essentially takes one problem and converts into what?
462,"According to reduction, if X and Y can be solved by the same algorithm then X performs what function in relationship to Y?"
463,What are two examples of different types of reduction?
464,Polynomial time reductions are an example of what?
465,What are many complexity classes not defined by?
466,What is defined by using the theorem of reduction?
467,What is a transformation of two problems into on three problems?
468,What captures the formal notion of a problem being at lease as difficult as another problem?
469,What are the six types of reductions?
470,What is the most frequently employed type of reduction?
471,What equates to a squared integer according to polynomial time reduction?
472,What measurement of time is used in polynomial time reduction?
473,What would need to remain constant in a multiplication algorithm to produce the same outcome whether multiplying or squaring two integers?  
474,According to polynomial time reduction squaring can ultimately be logically reduced to what?
475,What is the least used type of reduction?
476,What is the meaning of polynomial-space reduction?
477,What can the problem of dividing an integer be reduced to?
478,What does one not need to remain constant in a multiplication algorithm to produce the same outcome whether multiplying or squaring two integers?
479,What is more difficult that multiplication?
480,The complexity of problems often depends on what?
481,What would create a conflict between a problem X and problem C within the context of reduction? 
482,An algorithm for X which reduces to C would us to do what?
483,A problem set that that is hard for the expression NP can also be stated how?
484,What does the complexity of problems not often depend on?
485,What would not create a conflict between a problem X and problem C within the context of reduction?
486,What problem in C is harder than X?
487,How is a problem set that is hard for expression QP be stated?
488,The hardest problems in NP can be analogously written as what class of problems?
489,NP complete problems contain the lowest likelihood of being located in what problem class?
490,"If P = NP is unsolved, and reduction is applied to a known NP-complete problem vis a vis Π2 to  Π1, what conclusion can be drawn for Π1?"
491,"If polynomial time can be utilized within an NP-complete problem, what does the imply P is equal to?"
492,"What happens if a problem X is in C, and soft for C?"
493,What is the softest problem in C?
494,What is class contains the the least difficult problems in NP?
495,What would indicate that there is a known polynomial-time solution for Ii1?
496,What complexity class is characterized by a computational tasks and efficient algorithms?
497,What hypothesis is associated with the complexity class of P viewed as a mathematical abstraction with efficient algorithmic functionality?
498,What complexity class is commonly characterized by unknown algorithms to enhance solvability?
499,What is an example of a problem that rests within the NP complexity class?
500,In what theoretical machine is it confirmed that a problem in P belies membership in the NP class?
501,What is often seen as a scientific abstraction modeling those computational tasks that admit an efficient algorithm?
502,What theory is the Cobham-Edward thesis?
503,What complexity class is not commonly characterized by unknown algorithms to enhance solubility?
504,What is an example of a problem that rests within the NP simplicity class?
505,"What ,theoretical machine did not confirm that a problem in P belies membership in the NX class?"
506,"If P is ultimately proven to be equal tot NP, what effect would this have on the efficiency of problems?"
507,What is a particular problem in biology that would benefit from determining that P = NP?
508,What is the prize offered for finding a solution to P=NP?
509,What is one of the least important open questions in theoretical computer science?
510,What effect would happen if P is ultimately proven to not equal NP ?
511,What is a particular problem in chemistry that would benefit from determining that P = NP?
512,What problem was proposed by Clay Mathematics Institute at the Alpha Prize Problems?
513,What was the prize for finding a solution to P=NP at the the Alpha Prize Problems?
514,Who demonstrated that P= NP implies problems not present in P or NP-complete?
515,What is the name for a problem that meets Ladner's assertion?
516,What is an example of an NP-intermediate problem not known to exist in P or NP-complete? 
517,Who showed that if P=NQ then there exists problems in NQ that are neither P nor NQ-complete?
518,What is the name a a problem that meets Ladder's assertion?
519,What is not example of an NP-intermediate problem not known to exist in P or NP-complete?
520,What are four examples of problems believed to be NP=intermediate?
521,What is the problem attributed to defining if two finite graphs are isomorphic?
522,What class is most commonly not ascribed to the graph isomorphism problem in spite of definitive determination?
523,What finite hierarchy implies that the graph isomorphism problem is NP-complete? 
524,To what level would the polynomial time hierarchy collapse if graph isomorphism is NP-complete?
525,Who are commonly associated with the algorithm typically considered the most effective with respect to finite polynomial hierarchy and graph isomorphism?
526,What is the graph isolation problem? 
527,What is the problem attributed to defining if three finite graphs are isomorphic?
528,What is an important solved problem in complexity theory?
529,What infinite hierarchy implies that the graph isomorphism problem s NQ-complete?
530,What would the polynomial hierarchy collapse if graph isomorphism is NQ-complete?
531,What computational problem is commonly associated with prime factorization?
532,The integer factorization problem essentially seeks to determine if the value of of an input is less than what variable? 
533,That there currently exists no known integer factorization problem underpins what commonly used system?
534,What is the most well-known algorithm associated with the integer factorization problem?
535,What is the integer practice problem?
536,What computational problem is not commonly associated with prime factorization?
537,What problem is phrased on deciding whether the input has a factor more than k?
538,What problem would have polynomial time hierarchy that would collapse to its second level?
539,What is the least well known algorithm associated with the the integer factorization problem?
540,What is the unproven assumption generally ascribed to the value of complexity classes?
541,What is an expression that can be used to illustrate the suspected inequality of complexity classes?
542,"Where can the complexity classes RP, BPP, PP, BQP, MA, and PH be located?"
543,What evidence between and among complexity classes would signify a theoretical watershed for complexity theory?
544,What is the proven assumption generally ascribed to the value of complexity classes?
545,What is an expression that caan be used to illustrate the suspected in equality of complexity classes?
546,"Where can complexity classes RPP, BPP, PPP, BQP, MA, and PH be located?"
547,"What is impossible for the complexity classes RP, BPP, PP, BQP, MA, and PH?"
548,What would not be a major breakthrough in complexity theory?
549,In what complexity class do complement problems of NP problems exist?
550,How do the yes/no answers of a complement problem of NP appear?
551,What is commonly believed to be the value relationship between P and co-NP
552,What implication can be derived for P and NP if P and co-NP are established to be unequal?
553,What complexity class do incompatible problems of NP problems exist?
554,How do the yes/no answers of an incompatible problem of of APPEAR?
555,What is not commonly believed to be the value relationship between P and co-NP?
556,What implication can not be derived for P and NP is P and co-NP are established to be unequal?
557,What variable is associated with all problems solved within logarithmic space?
558,"Though unkown, what are the most commonly ascribed attributes of L in relation to P"
559,What lies between L and P that prevents a definitive determination of the relationship between L and P?
560,What are two complexity classes between L and P?
561,What is unknown about the complexity classes between L and P that further prevents determining the value relationship between L and P?
562,What variable is not associated with all problems solved within logarithmic space?
563,What are the least commonly ascribed attributes of L in relation to P?
564,What does not lie between L and P that allows a definitive determination of the relationship between L and P?
565,What are three complexity classes between L and P?
566,What is known about the complexity between L and P that prevents determining the value between L and P?
567,Problems capable of theoretical solutions but consuming unreasonable time in practical application are known as what?
568,Intractable problems lacking polynomial time solutions necessarily negate the practical efficacy of what type of algorithm?
569,"If NP is not equal to P, viewed through this lens, what type of problems can also be considered intractable?"
570,"What are problems that cannot be solved in theory, but which in practice take too long for their solutions to be useful?"
571,When are problems that have polynomial-tome solutions in complexity theory?
572,What states that only problems that cannot be solved in polynomial time can be feasibly computed on some computational device?
573,When would a program not be useful for very small instances and in that sense the intractability of a problem is somewhat independent of technological progress?
574,What algorithm is always practical?
575,What eponymous variation of arithmetic presents a decision problem not evidenced in P?
576,"Despite the Presburger problem, and in view of intractability, what has been done to establish solutions in reasonable periods of time?"
577,What is an example of a problem to which effective algorithms have provided a solution in spite of the intractability associated with the breadth of sizes?
578,How quickly can an algorithm solve an NP-complete knapsack problem?
579,What is the example of another problem characterized by large instances that is routinely solved by SAT handlers employing efficient algorithms?
580,What unknown variation of arithmetic presents a decision problem not evidenced in P?
581,What has not been done to establish solutions in reasonable period of time?
582,What can not solve the NP-complete knapsack problem over a wide range of sizes in less than quadratic time?
583,What do SAT solvers not usually handle when testing?
584,What tactic did researchers employ to offset the former deficit of work surrounding the complexity of algorithmic problems?
585,Who was the most influential researcher among those grappling with the deficit of work surrounding the complexity posed by algorithmic problems?
586,What theoretical device is attributed to Alan Turing?
587,In what year was the Alan Turing's definitional model of a computing device received?
588,In the most basic sense what did a Turing machine emulate?
589,What were laid out by various companies?
590,What tactic did companies employ to offset the former deficit of work surrounding the complexity of algorithmic problems?
591,Who was the least influential researcher working on the complexity posed by algorithmic problems?
592,What device did Alan Turning invent in 1974?
593,What was the Turning calculator a robust and flexible simplification of?
594,What paper is commonly considered the bellwether ushering in systematic studies computational complexity?
595,"What individuals were responsible for authoring ""On the Computational Complexity of Algorithms""?"
596,In what year was Hatmanis and Stearn's seminal work in computational complexity received? 
597,"What complex measurements were defined by ""On the Computational Complexity of Algorithms""?"
598,"In what year did Edmond's characterize a ""good"" algorithm?"
599,What seminal paper is commonly considered the beginning of sociology studies?
600,"Who wrote ""On the Computational Complexity of Science""?"
601,What seminal paper was written by Juris Hartmanis and Richard Stearns in 1975?
602,"What simple measurements were defined by ""On the Computational Complexity of Algorithms""?"
603,Who provided a definition of linear bounded automata in 1960?
604,In what year did Raymond Sullivan publish a study of rudimentary sets?
605,"In 1962, who was responsible for the authorship of a paper published on real time-computations?"
606,Who wrote later papers studying problems solvable by Turning machines?
607,Who provided a definition of linear bounded automata in 1970?
608,What year did Dick Sullivan publish a study on rudimentary sets?
609,Who wrote a paper on real time computations in 1973?
610,Who was pioneer and studied specific complexity measure in 1948?
611,What is the concrete choice typically assumed by most complexity-theoretic theorems?
612,"In the effort of maintaining a level of abstraction, what choice is typically left independent?"
613,What can not be achieved by ensuring different representations can transformed into each other efficiently?
614,What is the abstract choice typically assumed by most complexity-theoretic theorems?
615,What does not regularly use input coding as its concrete choice?
616,What choice is typically left dependent in an effort to maintain a level of abstraction?
617,Who is responsible for axiomatic complexity theory?
618,What theorem was implicated by Manuel Blum's axioms?
619,What is the paper written by Richard Karp in 1972 that ushered in a new era of understanding between intractability and NP-complete problems?
620,"How many combinatory and graph theoretical problems, formerly believed to be plagued by intractability, did Karp's paper address?"
621,Who developed an axiomatic complexity theory based on his axioms in 1974?
622,"Who is responsible for the so-called, speed-up theorem n 1974?"
623,Who proved that these exist practical relevant problems that are NP-complete in 1961?
624,"Who wrote the paper ""Reductibility Among Combinatorial Problems"" in 1974?"
625,What book featured 25 diverse comninatorial and graph theoretical problems each famous for its computational intractability?
626,What is Southern California often abbreviated as?
627,"Despite being traditionall described as ""eight counties"", how many counties does this region actually have?"
628,What is a major importance of Southern California in relation to California and the United States?
629,"What are the ties that best described what the ""eight counties"" are based on?"
630,The reasons for the las two counties to be added are based on what?
631,What counties does the more extensive eight county definition of SoCal include?
632,What additional two counties make ten counties into the traditional definition of SoCal include?
633,Where is the center of economic activity for the United States?
634,What is the name of the region that is not defined by the eight or 10 county definitions?
635,How many megaregions are there in the United States?
636,What is the name of the state that the megaregion expands to in the east?
637,Which border does the megaregion extend over?
638,What is the name of the area past the border that the megaregion extends into?
639,What is one of the 10 megaregions in the United States?
640,Where does the 8 county megaregion extend from?
641,What is Las Vegas one of in the United States?
642,Which coastline does Southern California touch?
643,How many metropolitan areas does Southern California's population encompass?
644,How many inhabitants does the Los Angeles area contain?
645,Which of the three heavily populated areas has the least number of inhabitants?
646,How many people does the Greater Los Angeles Area have?
647,What percent of California's 22 million people live in southern California?
648,What does MAS stand for?
649,How many people live in Riverside? 
650,What does CSA stand for?
651,What is the name of the water body that is found to the east?
652,What is the name of the desert on the border of Arizona?
653,What is the name of the desert near the border of Nevada?
654,What is the name of the border to the south?
655,What desert is to the south near Arizona?
656,What desert is to the south near Nevada?
657,What direction is the Colorado-Mexico border?
658,The cities of Los Angeles and San Diego are a part of which state?
659,What is the population of Los Angeles?
660,Which city is the most populous in California?
661,What is the eighth most populous city in the nation?
662,In which cardinal direction from Los Angeles is San Diego?
663,What are two of the three major cities located in southern California?
664,"What city has a population of 3,792,261?"
665,"What city has a population of 1,307,204?"
666,What second most populous city is north of Los Angeles?
667,"Orange, San Diego, Riverside and San Bernardino make up four of the five counties. What is the name of the last county?"
668,What country are all the counties in?
669,"What are Los Angeles, Orange, San Diego, San Bernardino and Riverside?"
670,What is the lowest ranking one of the counties could have in terms of most populous counties in the United States?
671,What is the smallest geographical region discussed?
672,What are the five most populous counties in the United States?
673,How many populous counties are in the United States?
674,"What county are Los Angeles, Orange, San Diego, San Bernardino, and Riverside located in?"
675,What is the name given to the district that is associated with the motion picture industry?
676,Which city does the Hollywood district belong to?
677,Which company owns ABC?
678,"Other than the motion picture and television industry, what other major industry is centered in Los Angeles?"
679,"Other than Universal and Warner Brothers, what other company runs a major record company?"
680,What company owns ACB?
681,What three industries are centered in Hollywood?
682,Where is Los Angeles a district of?
683,What major companies are headquartered in Los Angeles? 
684,"Other than surf, what other culture is southern California home to?"
685,What is the name of the professional skateboarder that lives in southern California?
686,What famous snowbaorder lives in southern California?
687,Southern California is second to which island in terms of famous serf breaks?
688,What is the shortened name of the annual yacht race that takes place?
689,Where are No Fear and RCVA headquartered?
690,Who are Rob Curran and Tim Machado?
691,Where does professional surfer Tony Hawk live?
692,What famous surfing spots is Oahu second to?
693,What was held at the San Diego Yacht Club from 1985 to 1998?
694,What is the name of the desert city?
695,Other than the desert city why do many locals and tourists frequent southern California?
696,Which region of California is Palm Springs located in?
697,"Other than for its resort feel, what is Palm Springs popular for?"
698,Who visits Palm Springs for the beaches?
699,What is the desert of southern California popular for?
700,Which coast is the desert on?
701,"Geographically speaking, where is California's north - south midway point in terms of latitude?"
702,How many miles south of San Jose is the north - south midway point located?
703,"The term ""southern"" California usually refers to how many of the southern-most counties of the state?"
704,"Other than Point Conception, what landmark is used in the other definition of southern California?"
705,Point Conception is an example of a landmark among what boundary of southern California?
706,"What lies at 37° 8' 59.23"" latitude?"
707,What is around 18 miles south of San Jose?
708,What lies at 35° 48′ 27″ north latitude?
709,What uses Point Tehachapi and the Conception Mountains as the northern boundary?
710,Which country used to rule California?
711,Los Angeles is in the lower part of what?
712,Which Californio is located in the upper part?
713,What was the name of the legislation passed in 1850?
714,The legislation allowed California to be admitted to the Union as what kind of state?
715,What country did California once rule?
716,Who were there disputes between when California ruled Mexico?
717,"What line is at 30 degrees, 36 minutes?"
718,What was passed in 1805?
719,"Other than land laws, what else were the Californios dissatisfied with?"
720,What was the name given to the regions in which the pro - slavery southerners lived?
721,How many times did southern California attempt to achieve a separate statehood?
722,What was the percentage of people that voted in favor of the Pico Act of 1859?
723,Which Senator was a strong advocate for the Pico Act?
724,Who attempted to achieve a separate statehood in 1805?
725,What was passed in 1895?
726,Who was the governor of California in 1895?
727,Who was elected in 1859?
728,What title did Latham Milton hold?
729,Which newspaper defined southern California?
730,In which year did the newspaper define southern California?
731,In which year did the newspaper change its previous definition?
732,What was the newer county added to the list?
733,How many counties initially made up the definition of southern California?
734,How did the Los Angeles Times define southern California in 1909?
735,What did the Los Angeles Times add to the definition of southern California in 1990?
736,What did the California Times define twice?
737,Which organizations most commonly divide and promote the state?
738,"Other than the Automobile Club of Southern California, what other AAA Auto Club chose to simplify the divide?"
739,The two AAA clubs divided the state into a northern and southern California as opposed to what point of view?
740,Which mountain range influenced the split of the regions?
741,"In the definition based off the mountain range, which region would the desert portions of north Los Angeles County be included in?"
742,What type of club is the California Automobile State Association?
743,What type of club is the Southern California Automobile Club?
744,What type of phrase is North of the Tehachapis?
745,What type of groups divides California into only north and central regions?
746,Where does southern California's megalopolis standard in terms of population nationwide?
747,"Although southern california consts of a heavily developed urban environment, how much of it has been left undeveloped?"
748,"Southern Californian communities are well known to be large, spread - out, and what other characteristic?"
749,"Outside of its use of automobiles, what else is southern California famous for using?"
750,What kind of region can be found inside the urban area of southern California?
751,What are the second and third most populated megalopolis after Southern California?
752,What are the dominant areas of Los Angeles?
753,What international metropolitan region is in the Northeastern megalopolis?
754,What is the main gap to continued urbanization?
755,"Other than the San Diego metropolitan area, what other area are the communities along Interstates 15 and 215 connected with?"
756,Who considers Los Angeles County to be a separate metropolitan area?
757,Other than L.A. which other county do many people commute to?
758,"Other than the 1980s, in which decade did most of San Bernardino and Riverside Counties develop?"
759,What was developed in 1980?
760,What counties to most people commute to?
761,What formed in the Coachella Valley north of Orange County?
762,What counties near Kern-Bakersfield County was population growth high?
763,What kind of climate does southern California maintain?
764,"Other than many sunny days, what characteristic is typical for the climate in souther California?"
765,What is the low end of the temperature range in summer?
766,How frequent is snow in the Southwest of the state?
767,What is the high end of the temperature range in winter?
768,What type of climate does California have?
769,Where are summer temperature ranges 70-50s?
770,Where are winter temperature ranges 90-60s?
771,What is rare on the Southeast of the state?
772,What term best describes southern California's collection of landscapes?
773,The region spans starting at islands found in which body of water?
774,What type of landscapes other than geologic and natural ecosystem landscapes can be found in southern California?
775,The region spans which mountains other than the Transverse ranges?
776,The mountain ranges tail off into what kind of geographical formation?
777,What types of collections does desert California have?
778,What ocean has the Transverse and Peninsular Ranges?
779,What ocean has large and small interior valleys?
780,What area has the most diversity of anywhere in the country?
781,How many earthquakes does southern California experience in a year?
782,"Generally speaking, what size are the earthquakes that hit southern California?"
783,What magnitude was the 1994 Northridge earthquake?
784,What kind of destruction did the 1994 earthquake cause the most of in US history?
785,How much was the 1994 earthquake estimated to have cost?
786,What year was the Northridge earthquake that caused $20 million in damage?
787,What earthquake caused $20 million in damage?
788,How many earthquakes does the state of California have each year?
789,How many earthquakes are greater than a 4.7 magnitude?
790,Which fault can produce a magnitude earthquake of 8.0?
791,What magnitude of earthquake can many faults produce?
792,"Other than the San Jacinto Fault, and the Elsinore Fault, name one other fault."
793,Which organization released a California Earthquake forecast?
794,The earthquake forecast models what features of earthquakes in California?
795,What fault can produce a magnitude 8.7 event?
796,What faults other than the San Andreas can produce a magnitude 8.0 event? 
797,What did the UGSS release?
798,What does the UGSS California Earthquake forecast model?
799,"Southern California's distinctive regions are divided culturally, politically and what other trait?"
800,"Outside of national recognition, what other kind of recognition do some of the cities get?"
801,Cities that anchor the regions are often the hub for what kind of activity?
802,What are regions anchored by that are recognized globally?
803,What are the globally recognized anchor cities known for?
804,How is California divided?
805,"Southern California had a population of 22,680,010 according to the census from which year?"
806,What does southern California have a reputation for?
807,What is the state average growth rate?
808,What kind of economy did northern California start to grow in the 2000s?
809,Which region began to grow and assert itself in the 2000s?
810,"What census showed southern California as having a population of 26,860, 010?"
811,How much did southern California grow in the year 2000?
812,What economy started growing in the Greater Bay Region?
813,What city is in the Greater Bay Region?
814,What is the name associated with the eight areas that make up a part of southern California?
815,How many extended metropolitan areas are there?
816,Each of the extended metropolitan areas has a population that exceeds what number?
817,What does the El Centro metropolitan area and San Diego-Carslbad-San Marcos metropolitan area form?
818,What is the population of the Greater Los Angeles Area?
819,What consists of one Metropolitan Statistical Area?
820,What consists of eight Combined Statistical Areas?
821,"What area has a population of 17,786,914?"
822,"What area has a population of 5,105,786?"
823,What areas are north of Greater Santa Barbara?
824,What is the largest city in all of California?
825,What is the population of the second largest city in California?
826,"How many cities in southern California have over 200,000 residents?"
827,There are 34 cities in southern California that have a population exceeding what number?
828,"Other than San Bernardino, which other developed southern Californian city is not in close proximity to the coast?"
829,What are the two largest cities in the United States?
830,"Where are there 34 cities over 200,000 in population?"
831,"Where are there 12 cities over 100,000 in population?"
832,What city has a population of 3.3 million people?
833,What city has a population of 1.7 million people?
834,What resource is the economy of southern California depedent on?
835,Southern California is most famous for tourism and what notably named district?
836,The region was a leader in what event between 2001 - 2007?
837,Southern California's economy can be described as one of the largest in the United States and what other characteristic?
838,What was the effect of the housing crash on the region?
839,Who does the largest economy in the United States belong to?
840,What took place during 2000-2017?
841,What is southern California's economy completely dependent upon?
842,Where is southern Hollywood located?
843,"Motion pictures, petroleum and aircraft manufacturing have been major industries since which decade?"
844,What characteristic best describes the agricultural regions that could be found?
845,Which type of livestock was the argricultural region known for?
846,"Outside of livestock, what else was considered a major industry in the agriculture regions?"
847,What industry has managed to survive major military spending cutbacks?
848,What have been major industries since 1902?
849,What were major industries until suburbs were turned into farmlands?
850,What is a major factor even with aerospace cutbacks?
851,What year were farmlands turned into suburbs?
852,What type of district is southern California home to many of?
853,What does CBD stand for?
854,"What is the only district in the CBD to not have ""downtown"" in it's name?"
855,What does CDB stand for?
856,What does CDB include?
857,What does DCB stand for?
858,Downtown Burbank is an example of what kind of district?
859,Downtown Santa Monica and Downtown Glendale are a part of which area?
860,Warner Center is located in which area?
861,Century City is an example of a district that belongs to which city?
862,What business districts are within the downtown Los Angeles area?
863,What main business district is in downtown Los Angeles itself?
864,What additional business districts are in downtown Los Angeles itself?
865,The Sand Bernardino - Riverside area maintains what kind of district?
866,"Other than San Bernardino, what is the name of the other city that maintains the districts including University Town?"
867,"Other than Downtown San Bernardino, and University Town, what is the name of another business district in the San Bernardino-Riverside area?"
868,What business districts does the San Bernardino area maintain?
869,What business districts does the Riverside area maintain?
870,Which county is developing its business center?
871,Where are international corporations headquartered?
872,Jamboree Business Parks belongs to which business center?
873,What other business district does Orange County envelop outside of Downtown Santa Ana and Newport Center?
874,At what rate is Orange County developing its business centers?
875,What county does the rapidly developing downtown Santa Ana include?
876,What districts does downtown Santa Ana include?
877,What locations are headquartered at the California University at Irvine?
878,What includes Irvine Center Tech and Business Jamboree Parks?
879,What is the central business district of San Diego?
880,"Other than its main central  business district, where are the majority of San Diego's business districts located?"
881,"Outside of Northern San Diego, which other region contains business districts?"
882,University City is an example of a business district located in which city?
883,What is the central business district of downtown San Diego?
884,What are located in Northern downtown San Diego?
885,What business districts are located in Northern downtown San Diego?
886,What is the second busiest airport in the United States?
887,What is the metric they use to determine how busy airports are?
888,What ranking in terms of busiest airports from international passenger volume is the Los Angeles International Airport?
889,Which airport is home to the busiest single runway in the world?
890,What is the world's busiest general aviation airport?
891,What is the busiest airport by passenger volume in the United States?
892,What is the second-busiest single runway airport in the world?
893,What is the second-busiest general aviation airport?
894,What major commercial airports are located in Los Angeles?
895,What is the name of the commuter rail system?
896,How many lines does the commuter rail system have?
897,How many lines run out of Downtown Los Angeles?
898,"A single line connects San Bernardino, Riverside and what other county?"
899,Where do seven lines of Metrolink run out of?
900,What is the name of the Los Angeles rail system?
901,"What counties are connected to Los Angeles, Ventura, and San Bernardino by one line?"
902,What is the United States busiest commercial port?
903,What is the second busiest container port in the United States?
904,The Port of Long Beach belongs to which region of California?
905,What is home to Southern California?
906,What is the busiest container port in the United States?
907,What is the Port of San Diego adjacent to?
908,What is the United State's second-busiest commercial port?
909,What is the moniker that is being used to describe the region's diversified technology?
910,What kind of universities is the region famous for?
911,What kind of university is the California Institute of Technology?
912,How many campuses does the University of California have?
913,How many campuses does the California State University have?
914,What are the 5 California University campuses?
915,How many California University campuses are there?
916,How many State of California University campuses are there?
917,Where is Redland University located?
918,Where is Pomona University located?
919,The Los Angeles Rams are an example of what kind of sports team?
920,The Los Angeles Clippers are a team belonging to which sport?
921,The Los Angeles Angels of Anaheim are from which sport?
922,What is the other NHL team aside from the Anaheim Ducks to reside in Southern California?
923,What is the lone MLS team that belongs to southern California?
924,What NLF teams are from Southern California?
925,What NAB teams are from Southern California?
926,What MBL teams are from Southern California?
927,What NLH teams are from Southern California?
928,What MSL team is from Southern California?
929,Which team was suspended from the MLS?
930,How many teams did Los Angeles used to have?
931,Which year resulted in the suspension of one of the two soccer teams?
932,What was the name of the stadium that the teams played in?
933,When is the suspended team scheduled to return?
934,How many Major Soccer League teams were in Los Angeles from 2005-2014?
935,What Major Soccer League teams played in Los Angeles in 2014?
936,When were the LA Galaxy suspended?
937,When is a second MSL team scheduled to return?
938,What other kind of sport is popular in southern California?
939,The Bruins belong to which college?
940,What is the name of the team from USC?
941,Which conference do the teams in southern California play in?
942,The two listed teams play for which NCAA group?
943,What is the ULCA mascot?
944,What is the UCS mascot?
945,What conference are both ULCA and UCS part of?
946,What is a growing sport in southern California?
947,At which level of education is this sport becoming more popular?
948,What is rugby rapidly becoming with high schools?
949,What sport is growing in all California schools?
950,What company was formed by the merger of Sky Television and British Satellite Broadcasting?
951,Who is the UK's largest digital subscription television company?
952,What year did BSkyB acquire Sky Italia?
953,What is the name of the holding company for BSkyB?
954,What is the name of the United Kingdom operation for BSkyB?
955,What company was angry about the merger of Sky Television and British Satellite Broadcasting?
956,Who is the UK's smallest digital subscription television company?
957,What year did BSkyB remove Sky Italia?
958,When did BSkyB become the largest US television company?
959,What company no longer trades as Sky?
960,What year was Setanta Sports awarded Primeier Leage rights to broadcast?
961,How many of the six total packages available to broadcasters was Setanta awarded?
962,Who purhcased the remaining 4 pacakages available to broadcasters?
963,How much did Sky bid to win the 4 broadcast pacakges they bought?
964,Which company had a short legal battle with the European Commission?
965,How many of the six total packages available to broadcasters did Setanta give away?
966,Sky lost how many packages?
967,How much did Sky bid to lose the 4 broadcast packages?
968,What channel was never dropped from Sky?
969,What consortium was BSkyB excluded from?
970,Who did BSkyB team up with because it was not part of the consortium?
971,How many BSkyB channels were available to customers prior to October 2005?
972,What channel replaced Sky Travel?
973,What was Sky Travel later rebranded as?
974,What consortium was BSkyB included with?
975,What was Pick TV later rebranded as?
976,What channel came before Sky Travel?
977,Who did BSkyB team up with because it was part of the consortium?
978,What channel was never rebranded?
979,What service did BSkyB chare additional subscription fees for?
980,When did Sky launch a TV advertising campaign target towards women?
981,WHat allows customers to get Sky+ functions if they do not subscribe to BSkyB's channels?
982,When did BSkyB discontinue the Sky+ Box?
983,What replaced the Sky+Box?
984,What service did BSkyB give away for free unconditionally?
985,When did Sky launch a TV advertising campaign target towards men?
986,What isn't required by customers to get Sky+ functions if they do not subscribe to BSkyB's channels?
987,When did BSkyB upgrade the Sky+ Box?
988,What replaced the Sky+HD Box?
989,What is the name of the TV scrambling system BSkyB uses?
990,Who is VideoGuard owned by?
991,Who is the parent company of NDS?
992,Who has design authority over all of the digital satellite receivers that are capable of using their service?
993,What is the name brand of the personal video recorder that BSkyB offers?
994,What is the name of the TV scrambling system BSkyB couldn't use?
995,Whose digital receivers are only built by one manufacturer?
996,What is available as stand-alone DVB CAMs?
997,What company was never involved with NDS?
998,What is the name brand of the video recorder that BSkyB never sold?
999,What year did BSkyB and Virgin Media have a dispute over the carriage of Sky Channels on cable TV?
1000,What channels were removed from the network in March of 2007?
1001,What did Virgin Media claim BSkyB did that resulted Virgin not carrying the channels anymore?
1002,"What additional srevice did BSkyB offer besides HD channels that they claimed offered ""substantially more value""?"
1003,"What additional srevice did BSkyB offer besides Video on Demand that they claimed offered ""substantially more value""?"
1004,What year did BSkyB and Virgin Media have an agreement over the carriage of Sky Channels on cable TV?
1005,What channels were always available on the network?
1006,What additional service did BSkyB offer besides HD channels that they claimed offered no value?
1007,What claim did BSkyB agree with?
1008,When were basic channels first introduced by BSkyB?
1009,"when did the English High court find Microsoft's use of the term ""SkyDrive"" infringed on Sky's right?"
1010,What year did BSkyB and Microsoft announce their settlement?
1011,What did Microsoft announce that it would rename Sky Drive to?
1012,What did Microsoft announce that it would rename Sky Drive Pro to?
1013,What kind of service is the SkyDrive Service?
1014,"When did the English High Court of Justice find that Microsoft’s use of the term ""SkyDrive"" did not infringe on Sky’s right to the ""Sky"" trademark?"
1015,When did Microsoft decide to appeal the ruling?
1016,What did Microsoft announce that it would rename OneDrive to?
1017,What did Microsoft announce that it would rename OneDrive for Business to?
1018,When did Microsoft announce OneDrive will soon become SkyDrive?
1019,Who was the chief executive officer when the service began?
1020,Who's satellites would the new free-to-air channels be broadcast from?
1021,When did BSkyB end their analogue service?
1022,What platform caused BSkyB to end their analogue service?
1023,How many households had BSkyB service in 1994?
1024,What platform helped BSkyB to avoid ending their analogue service?
1025,Whose satellites were never broadcast as free-to-air?
1026,How many subscribers were lost within two months of launch from BSkyB?
1027,Who commended the operations in front of the Select Committee on National Heritage?
1028,Which company never expanded their platform?
1029,Sky UK Limited is formerly known by what name?
1030,What kind of company is Sky UK Limited?
1031,How many customers does Sky UK Limited have as a pay-TV broadcaster as of 2015?
1032,what other digital TV service took Sky UK Limited's most popular spot?
1033,Sky UK Limited is now known by what name?
1034,What has Sky UK Limited never been involved with?
1035,How many customers did Sky UK Limited lose as a pay-TV broadcaster as of 2015?
1036,What was the UK's least popular TV service in 2015?
1037,Where did the headquarters relocate from?
1038,What is the name of Sky Q's broadband router?
1039,What are the Sky Q mini set top boxes able to connect to?
1040,What does connecting different Sky Q boxes enable them to do?
1041,When is Sky going to introduce UHD broadcasts?
1042,When are the new Sky Q products going to be available?
1043,What is the name of Sky Q's dial-up router?
1044,What are the Sky Q mini set top boxes never able to connect to?
1045,What does disconnecting different Sky Q boxes enable them to do?
1046,What set top box can no longer display UHD broadcasts?
1047,What are BSkyB's standard definition broadcasts compliant with?
1048,Sky Movies and Sky Box office also include what optional soundtracks?
1049,What is Sky+ HD material broadcast using?
1050,What is the proprietary system that Sky+HD uses?
1051,What does most of the HD material use as a standard?
1052,What box is required to view MPEG-3?
1053,What is the proprietary system that Sky+HD can't use?
1054,What channel never used looping video streams?
1055,What kind of soundtracks are mandatory with the Sky Movies and Sky Box Office channels?
1056,When was Sky Digital launched?
1057,What satellite was used when Sky digital was launched?
1058,What satellite enabled Sky Digital to launch an all new digital service?
1059,How many television and radio channels could the new digital service carry?
1060,What is the position of the satellite that allowed sky to broadcast channels almost elclusively for the United Kingdom?
1061,What service used Astra 2A in 1995?
1062,What satellite made it impossible for Sky Digital to launch an all new digital service?
1063,How many television and radio channels did the digital service get rid of?
1064,When was the only satellite launched?
1065,When did BSkyB launch it's HDTV service?
1066,How many people were registered to receive the HD service prior to launch?
1067,What was the name of the set top box manufacturer that BSkyB was having issues with?
1068,What was the number of customers that the BBC  reported had yet to receive the service due to failed deliveries?
1069,What was the total number of homes Sky announced that had Sky+HD in March of 2012?
1070,When did BSkyB fail launching it's HDTV service?
1071,Which manufacturer never had supply issues when dealing with BSkyB?
1072,How many people never registered to receive the HD service prior to launch?
1073,"Who reported that 17,000 customers received the service due to failed deliveries?"
1074,"When did Sky announce the total number of homes with Sky+HD was 3,222,000?"
1075,When did BSkyB announce it's intention to replace it's free-to-air digital channels?
1076,When did Setanta Sports say it would launch as a subscription service?
1077,What platform was Sentanta Sports planning on launching on?
1078,What were NTL's services rebranded as?
1079,What does BSkyB's sport portfolio include?
1080,When did BSkyB announce it's intention to improve it's free-to-air digital channels?
1081,When did Setanta Sports say it would launch as a free service on the digital terrestrial platform?
1082,What platform was Sentanta Sports planning to avoid launching on?
1083,What was Virgin Media rebranded as?
1084,What channel lost advertising revenue due to their plans?
1085,What are free-to-air encrypted broadcasts known as?
1086,What do some encrypted broadcasts require to view?
1087,What does a receiver have to be equipped with to view encrypted content?
1088,What is the universal band that digital recievers will receive free to air channels on?
1089,What service is a VideoGuard UK equipped receiver dedicated to decrypt?
1090,What do encrypted broadcasts never require?
1091,What does a receiver have to be equipped with to view unencrypted content?
1092,What is the localized band that digital receivers will receive to air channels on?
1093,What service is a VideoGuard UK equipped receiver never able to decrypt?
1094,What band is fitted in the middle of the satellite dish?
1095,When were the talks held for braodcast right to the Primier league for a five year period from the 1992 season?
1096,Who were the current rights holders for the Primer League?
1097,What did ITV increase their yearly offer for control of the rights to broadcast the Primer League to?
1098,Who was given the highlights of most of the matches?
1099,How much was BSkyB going to pay for the Primier League rights?
1100,What company was not concerned about retaining new rights?
1101,How much did BSkyB pay to give up their rights for Premier League?
1102, Who never saw highlights of most of the matches?
1103,Who were never rights holders for the Premier League?
1104,Who does BSkyB have an operating license from?
1105,what is the fee range for accessing BSkyB's EPG?
1106,Can BSkyB veto the presence of channels on their EPG?
1107,Does BSkyB carry any control over a channels content?
1108,Does BSkyB carry any control over the picture quality of a channel?
1109,Who took away the operating license from BSkyB?
1110,What company has veto over the presence of channels on their EPG?
1111,What can BSkyB veto the presence of channels on?
1112,What service doesn't require a fee to use?
1113,When was BSkyB's digital service launched?
1114,What was the name of BSkyB's digital service launched under?
1115,What did BSkyB name their interactive service?
1116,Who did BSkyB compete with initially?
1117,Within the 30 days how many digiboxes had been sold?
1118,When was BSkyB's digital service unofficially launched?
1119,What company supported BSkyB the most?
1120,Within 30 days how many digiboxes had been discarded?
1121,When did BSkyB decide to stop giving away free digiboxes?
1122,When was virgin media rebranded from NTL Telewest?
1123,what was NTL Telewest re-branded to in 2007?
1124,What did Virgin Media concentrate on instead of offering linear channels?
1125,What was the one linear HD channel Virgin Media carried from November 2006 to July 2009?
1126,what was the name of the other HD channel Virgin media could carry in the future?
1127,When was NTL Telewest rebranded from Virgin Media?
1128,What did Virgin Media ignore while offering linear channels?
1129,What was the one linear SD channel Virgin Media carried from November 2006 to July 2009?
1130,What channel never had an HD version?
1131,How many homes had BSkyB's direct-to-home satellite service available to them in 2010?
1132,How large was the audience BSkyB said they could reach?
1133,When did BSkyB first announce their target goal?
1134,What was the target percentage of households BSkyB wanted to reach?
1135,What was happening to subscriber numbers in other areas of europe?
1136,How many homes had BSkyB's direct-to-home satellite service unavailable to them in 2010?
1137,How small was the audience BSkyB said they couldn't reach?
1138,What was the percentage of households BSkyB never reached?
1139,What free TV platform was most popular in Europe at this time?
1140,What did Alec Shelbrooke propose payments of benefits to be made on?
1141,What could the Supplemental Nutrition Assistance Program purchase?
1142,what did the UK parliment hear that a subscription to BSkyB was?
1143,What was the UK governments benefits agenchy checking in 2012?
1144,What did the benefits agency think sports channels on a TV bill meant?
1145,What did Alec Shelbrooke propose payments of benefits never be made on?
1146,What could the Supplemental Nutrition Assistance Program never sell?
1147,What did the UK parliment decide that a subscription to BSkyB was?
1148,What did the benefits agency think sports channels on a TV bill ignored?
1149,What was the UK governments benefits agency destroying in 2012?
1150,What were the annual carriage fees for the channels?
1151,Does the new deal include Video on demand and High Definition?
1152,What company agreed to terminate high court proceedings with BSkyB?
1153,What company agreed to terminate high court proceedings with Virgin Media?
1154,What were high court proceedings being held about?
1155,What were the weekly carriage fees for the channels?
1156,What company did not agree to terminate high court proceedings with BSkyB?
1157,What were local court proceedings being held about?
1158,Which companies never agreed to terminate their court proceedings against each other?
1159,Which company still offers Video On Demand and HD?
1160,What kind of economy does Victoria have?
1161,Where according to gross state product does Victoria rank in Australia?
1162,At what rank does GPS per capita set Victoria?
1163,What city in Victoria is called the sporting capital of Australia?
1164,What is the largest stadium in Australia?
1165,What kind of education does Victoria have?
1166,Where according to net domestic product does Victoria rank in Australia?
1167,At what rank is GPS service in Victoria?
1168,What city in Victoria is called the cricket ground of Australia?
1169,How many public universities are in Melbourne?
1170,Where is the Asian influence strongest in Victoria?
1171,Where were the Lambing Flat riots?
1172,Where was the 1857 riot?
1173,How many miners died in the typhoid outbreak of 1854?
1174,What were the conditions for miners in the gold fields in Victoria?
1175,Where is the Asian gold miners strongest in Victoria?
1176,Where were the pro-Chinese riots?
1177,Where was the 1857 gold rush?
1178,How many miners died from racism violence in 1854?
1179,What were the conditions for miners in Ireland and China?
1180,What kind of representational system does the Victorian Legislative Council have?
1181,How many electorates does the State of Victoria have?
1182,How many representatives does each electorate have?
1183,What is the term of office for each house member?
1184,How often are elections held for the Victorian Parliament?
1185,How many electorates does the Legislative Council have?
1186,How many representatives does each state have?
1187,How often are elections held by upper house members?
1188,In what month does the Victorian Parliament register voters?
1189,What political party is strongest in Melbourne's working class suburbs?
1190,What party is strongest in Melbourne's affluent areas?
1191,Which party is strongest in Victoria's northwestern and eastern regions?
1192,What party rules in Melbourne's inner regions?
1193,What party is favored in Bedigo and Geelong?
1194,What political party is strongest in Melbourne's poor regional areas?
1195,What party is strongest in Melbourne's financial district?
1196,Which party is strongest in Victoria's lower house?
1197,What party formed in 2014?
1198,What party is favored in Northern and Southern Victoria?
1199,What percentage of Victorians are Christian?
1200,How many Victorians are Catholic?
1201,What is Victoria's largest non-Christian religion?
1202,How many Victorians are Buddhist?
1203,How many Victorians are non-religious?
1204,What percentage of Victorians are Christian Scientists?
1205,How many Victorians are live near a moneatery?
1206,What religion are most of the lower class in Victoria?
1207,How many Victorians have a Buddha statue?
1208,How many Victorians are Muslim?
1209,Where in Australia is Victoria located?
1210,How does Victoria rank as to population density?
1211,How populous is Victoria compared to other Australian states?
1212,What city is the capital of Victoria?
1213,"Compared to other Australian cities, what is the size of Melbourne?"
1214,Where in Bass Straight is Victoria located?
1215,How does Melbourne rank as to population?
1216,How populous is Melbourne compared to other Australian states?
1217,What city is the capital of Australia?
1218,"Compared to other American cities, what is the size of Melbourne?"
1219,What is the term for the original Aboriginal people of Victoria?
1220,When did Great Britain claim Australia? 
1221,Where was Victoria first set to be located in Australia?
1222,Where was the first settlement in Victoria?
1223,When was Victoria first settled?
1224,What is the term for the original Aboriginal people of Canberra?
1225,When did Great Britain sell Australia?
1226,Where were the Koori first set to be located in Australia?
1227,Where was the first settlement in Canberra?
1228,When was the first Parliament House built in Victoria?
1229,How much Victorian farmland is farmed in grains?
1230,What percentage of farmland grows wheat?
1231,How much of Victoria's farmland grows hay?
1232,How much does Victoria produce in Australian pears?
1233,How many tonnes of tomatoes does Victoria produce?
1234,How much Victorian farmland is farmed in rye grass?
1235,What percentage of farmland grows beans?
1236,How much of Victoria's farmland is sold domestically?
1237,How much of Victoria produced Australian peaches?
1238,How many tonnes of potatoes does Victoria produce?
1239,When did Victoria enact its constitution?
1240,On what is Victoria's constitution based ?
1241,What group can amend the Victorian constitution?
1242,What are the exceptions in the constitution  that require special considerations to amend?
1243,What document formed the Parliament of Victoria?
1244,When did Victoria approve a referendum?
1245,On what is the Parliament of Victoria based?
1246,What group can amend the United Kingdom Parliament?
1247,What are the exceptions in the constitutions that fall under state responsibility?
1248,"What document formed the Parliament of ""entrenched"" provisions?"
1249,What is the weather type of Mallee and upper Wimmera?
1250,What does the average temperatures exceed in the summer?
1251,How cold does this region of Victoria get in the winner?
1252,What is Victoria's highest monthly temperature?
1253,When was the heatwave in which Hopetoun recorded its highest temperature?
1254,What is the weather type of Hopetoun and Melbourne?
1255,What is the median temperature in the winter?
1256,What is the median temperature in the summer?
1257,What is temperature does Hopetoun average in Feburary?
1258,When was the heatwave in which Wimmera recorded its highest temperature?
1259,What are public schools in Victoria?
1260,What organization runs the public schools in Victoria? 
1261,"Since students do not pay tuition, what do they have to pay for schooling in Victoria?"
1262,What church runs some private schools in Victoria?
1263,What government set standards do all schools have to meet?
1264,What are public banks in Victoria?
1265,What organization runs the waste management in Victoria?
1266,What is covered by the state in addition to tuition?
1267,What church runs public schools in Victoria?
1268,What government set standards do only select schools have to meet?
1269,What type of manufacturing plant is Victoria soon losing?
1270,When has Toyota said it will close its Victoria plant?
1271,When did Holden announce that it will close its Victoria plant?
1272,When will Ford's manufacturing plants close?
1273,What brand of car is manufactured in Broadmeadows?
1274,What type of manufacturing plant is Victoria getting soon?
1275,When has Toyota said it will change its Victoria plant into a plane factory?
1276,When did Holden announce that it will open its Victoria plant?
1277,When will Ford start building electric cars?
1278,What brand of tractor is manufactured in Broadmeadows?
1279,How high are Victoria's alpine regions?
1280,What is the highest peak in Victoria?
1281,How high is Victoria's Mount Bogong?
1282,What type of topological systems are found in numbers in Victoria?
1283,What is the Victoria state bird?
1284,How high are Victoria's river regions?
1285,What is the snowiest peak in Victoria?
1286,How high is Victoria's Mount Gippsland? 
1287,What is the Victoria state fish?
1288,What is the Victoria state color?
1289,Where is the coldest section of Victoria?
1290,Of what mountain system are the Victorian Alps a part?
1291,In what direction does the mountain system extend?
1292,What is the temperature in the highest portion of the mountain range in winter?
1293,What is the lowest recorded temperature in Victoria?
1294,Where is the highest section of Victoria?
1295,Of what mountain system are the Omeo Alps a part?
1296,In what direction does the river system extend?
1297,What is the temperature in the valley of the mountain range in winter?
1298,What is the lowest recorded wind chill in Victoria?
1299,Who owns the rail lines in Victoria?
1300,Which rail line operates in Melbourne?
1301,What entity owns V/Line?
1302,What type of rail line is Pacific National?
1303,What kind of rail system is Metro Trains Melbourne?
1304,Who owns the rail cars in Victoria?
1305,Which rail line operates Around the island?
1306,What entity is sponsored by V/Line in the Olympics?
1307,What operator transports cargo in Melbourne?
1308,What operator is in mainland Australia?
1309,How many seats does Victoria have in the Australian House of Representatives?
1310,How many seats does Victoria have in the Senate?
1311,What is the lower house of the Victorian parliament called?
1312,What is the upper house of the Parliament of Victoria called?
1313,Who is the current Governor of Victoria?
1314,How many seats does Australia have in the House of Representatives?
1315,How many seats does Australia have in the Senate?
1316,What is the lower level of a the Australian House of Representatives called?
1317,What is the upper level of the Australian House of Representatives called?
1318,Who is the current President of Victoria?
1319,On what date was Victoria declared independent from New South Wales?
1320,When was gold found near Ballarat?
1321,What did the finding of gold in Victoria cause?
1322,How much did the population of Victoria increase in ten years after the discovery of gold?
1323,How much gold did Victoria produce in the years of 1851-1860?
1324,When were writs issued for the election of the New South Wales president?
1325,When was gold found near Birmingham?
1326,What did the new railroad in Victoria trigger?
1327,How much did the population New South Wales increase in ten years after the discovery of gold?
1328,How much gold did Victoria produce in 1860?
1329,By August 2010 how many public schools did Victoria have?
1330,How many Catholic schools were in Victoria?
1331,How many students were enrolled in public schools in Victoria?
1332,How many full time teachers does Victoria have?
1333,What percentage of private school students go to Catholic schools?
1334,By August 2010 how many trade schools did Victoria have?
1335,How many Catholic schools got government assistance?
1336,How many students were enrolled in public schools outside Victoria?
1337,How many full time janitors does Victoria have?
1338,What percentage of private school students go to Lutheran schools?
1339,What state in Australia is the center of dairy farming?
1340,How many dairy cows are there in Australia?
1341,What percentage of Australia's dairy cattle are found in Victoria?
1342,How much of Australia's milk is produced in Victoria?
1343,To where is most of the abalone and lobster caught in Victorian waters shipped?
1344,What state in Australia invented dairy farming?
1345,How many spotted dairy cows are there in Australia?
1346,What percentage of Australia's dairy farms are found in Victoria?
1347,What percentage of Australia's veal is comes from Victoria?
1348,To where is most of the milk and beef from Victoria exported to?
1349,What is the gauge of the Victorian rail lines?
1350,To what gauge have some lines been changed in the west of Victoria?
1351,What gauge of rail lines do two tourist lines use?
1352,Where were the narrow gauge rail lines built in Victoria?
1353,How many narrow gauge rail lines were previously government owned?
1354,What is the gauge of the Victorian power lines?
1355,To what gauge have some lines been changed north of Victoria?
1356,What gauge of rail lines are used in small fright operators?
1357,Where were the narrow gauge rail lines demolished in Victoria?
1358,How many narrow gauge rail lines were built before 1900?
1359,When was the colony of New South Wales founded?
1360,What was the name of the eastern half of the colony of 1788?
1361,What name was given to the western half of the colony?
1362,Where was the location of the colonial government that administered the new colony?
1363,When did Captain Daniel Woodriff visit New South Wales?
1364,What name was given to the western half of Wales?
1365,Where was the location of the administration of Calcutta?
1366,Who feared that Holland might establish their own settlement?
1367,When was there a armed protest at Ballarat about mining taxes?
1368,What was the incident over taxes at Ballarat called?
1369,What armed group stopped the uprising at Ballarat?
1370,What did colonial authorities  reduce because of the Ballarat revolt?
1371,The passage of what act gave Victoria its own government?
1372,When was there a armed protest at Eureka Stockade about mining taxes?
1373,What armed group stopped the colonial authorities at Ballarat?
1374,What did colonial authorities reduce because of the Colony of Victoria Act of 1855?
1375,What did some leaders of the British rebellion become?
1376,Who protested against Parliament taxes?
1377,What does the Premier of Victoria need to lead in the Legislative Assembly? 
1378,Who sets the legislative agenda in Victoria?
1379,Who can be in the Victorian cabinet?
1380,Who is the current Premier of Victoria?
1381,How are Victorian cabinet members chosen?
1382,What does the secretary need to lead in the Legislative Assembly?
1383,Who sets the judicial agenda in Victoria?
1384,Who can be in the Victorian law enforcement?
1385,Who is the first Premier of Victoria?
1386,How are Victorian education members chosen?
1387,How much did the gross agricultural product increase from 2003-04?
1388,What percentage was the increase of agricultural products in 2003-04?
1389,How many farms are there in Victoria?
1390,How much land do farms use in Victoria?
1391,How much percentage of Victoria's land is taken up by farms?
1392,How much did the gross agricultural product increase since 2004?
1393,What percentage was the increase of agricultural products since 2004?
1394,How many farms are there west of Melbourne?
1395,How much land do farms crop rotate each year in Victoria?
1396,How much percentage of Victoria's land is taken up by consumable crops?
1397,What part do events in Victoria's economy  play? 
1398,"Besides cultural events, what other tourist attraction does Victoria have?"
1399,On where are most tourist attractions focused in Victoria?
1400,Where do other tourist events happen in Victoria outside of Melbourne?
1401,What event is held at Bells Beach in Victoria?
1402,What part does fishing play in Victoria's economy play?
1403,"Besides cultural events, what other television programs does Victoria have?"
1404,Where is the best Italian in Victoria?
1405,Where do other religious experiences happen in Victoria outside of Melbourne?
1406,What event is held at Port Sunshine in Victoria?
